+ACI-Feature+ACI-	+ACI-Value+ACI-
+ACI-url.memberbanners+ACI-	4.0564391471
+ACI-url.ads+ACI-	3.429053229
+ACI-ancurl.click+ACI-	2.954060854
+ACI-origurl.jun+ACI-	2.8861267085
+ACI-url.ad+ACI-	2.5891762871
+ACI-ancurl.nph+ACI-	2.4850584076
+ACI-alt.visit.our+ACI-	2.1857817811
+ACI-ancurl.marketing+ACI-	2.1030463846
+ACI-ancurl.n.a+ACI-	1.8157241003
+ACI-url.images.home+ACI-	1.4502885852
+ACI-ancurl.com+ACI-	1.3784099633
+ACI-ancurl.http.www+ACI-	1.2486476263
+ACI-ancurl.cid+ACI-	1.143115525
+ACI-ancurl.co+ACI-	1.116966783
+ACI-origurl.www.thriveonline.com+ACI-	1.039902092
+ACI-url.doubleclick.net+ACI-	1.0065984939
+ACI-ancurl.adclick+ACI-	1.004759579
+ACI-alt.banner+ACI-	0.9037253088
+ACI-ancurl.site+ACI-	0.8985423611
+ACI-alt.click+ACI-	0.874199973
+ACI-origurl.netcenter+ACI-	0.7921450053
+ACI-alt.for+ACI-	0.7713431896
+ACI-ancurl.exe+ACI-	0.7671872829
+ACI-url.banner.gif+ACI-	0.743930253
+ACI-ancurl.redirect+ACI-	0.5621114461
+ACI-ancurl.url+ACI-	0.517186229
+ACI-ancurl.click.ng+ACI-	0.4970868109
+ACI-url.image+ACI-	0.4151724259
+ACI-url.bin+ACI-	0.4069631325
+ACI-url.ads.media+ACI-	0.3967582629
+ACI-url.times+ACI-	0.2563615318
+ACI-url.keith.dumble+ACI-	0.1530954946
+ACI-ancurl.keith.dumble+ACI-	0.1448055029
+ACI-origurl.zdnet.com+ACI-	0.1150124625
+ACI-url.live+ACI-	0.10579686
+ACI-url.uk+ACI-	0.0596873542
+ACI-url.times.graphics+ACI-	0.0578719388
+ACI-url.ad.doubleclick.net+ACI-	0.0354935706
+ACI-ancurl.irish.times.com+ACI-	0.0165670425
+ACI-url.dumble+ACI-	0.0159733714
+ACI-url.memberbanners.live+ACI-	0.0104150705
+ACI-origurl.thriveonline.com+ACI-	0.0078962668
+ACI-url.members+ACI-	0.0074682222
+ACI-origurl.irish.times.com+ACI-	0.0055681852
+ACI-url.irish.times+ACI-	0.0041829806
+ACI-ancurl.dumble+ACI-	0.0041524471
+ACI-ancurl.keith+ACI-	0.0040634654
+ACI-ancurl.web.ukonline.co.uk+ACI-	0.0030606894
+ACI-url.keith+ACI-	0.0024826258
+ACI-url.irish.times.com+ACI-	0.0024442076
+ACI-origurl.web.ukonline.co.uk+ACI-	0.0022010502
+ACI-origurl.ukonline.co.uk+ACI-	0.0017216029
+ACI-origurl.dumble+ACI-	0.0016103283
+ACI-origurl.dumble.contents+ACI-	0.0012420727
+ACI-origurl.members.keith+ACI-	0.0011841785
+ACI-origurl.www.irish.times.com+ACI-	0.0007404042
+ACI-url.web.ukonline.co.uk+ACI-	0.0004467366
+ACI-origurl.irish.times+ACI-	2.14868283051211E+AC0-005
+ACI-origurl.irish+ACI-	1.30124748557749E+AC0-005
+ACI-ancurl.www.irish.times.com+ACI-	0.000010741
+ACI-origurl.keith+ACI-	1.02059147916883E+AC0-005
+ACI-origurl.times+ACI-	1.00115934003133E+AC0-005
+ACI-url.ad.icons+ACI-	7.76758890147094E+AC0-007
+ACI-url.graphics.ad+ACI-	0.000000164
+ACI-ancurl.ukonline.co.uk+ACI-	6.51843484980449E+AC0-009
+ACI-url.www.irish.times.com+ACI-	2.65305108501247E+AC0-013
+ACI-origurl.keith.dumble+ACI-	1.97422821446626E+AC0-013
+ACI-url.members.keith+ACI-	1.96711387855828E+AC0-013
+ACI-origurl.members+ACI-	1.85684167198448E+AC0-013
+ACI-origurl.contents.html+ACI-	1.54025372407908E+AC0-013
+ACI-url.ukonline.co.uk+ACI-	6.01161384224862E+AC0-014
+ACI-url.images.buttons+ACI-	0
+ACI-url.likesbooks.com+ACI-	0
+ACI-url.www.slake.com+ACI-	0
+ACI-url.hydrogeologist+ACI-	0
+ACI-url.oso+ACI-	0
+ACI-url.media+ACI-	0
+ACI-url.peace.images+ACI-	0
+ACI-url.blipverts+ACI-	0
+ACI-url.tkaine.kats+ACI-	0
+ACI-url.labyrinth+ACI-	0
+ACI-url.advertising.blipverts+ACI-	0
+ACI-url.images.oso+ACI-	0
+ACI-url.area51.corridor+ACI-	0
+ACI-url.ran.gifs+ACI-	0
+ACI-url.express.scripts.com+ACI-	0
+ACI-url.off+ACI-	0
+ACI-url.cnet+ACI-	0
+ACI-url.time.1998+ACI-	0
+ACI-url.josefina3+ACI-	0
+ACI-url.truluck.com+ACI-	0
+ACI-url.clawnext.gif+ACI-	0
+ACI-url.autopen.com+ACI-	0
+ACI-url.tvgen.com+ACI-	0
+ACI-url.pixs+ACI-	0
+ACI-url.heartland.5309+ACI-	0
+ACI-url.meadows.9196+ACI-	0
+ACI-url.blue+ACI-	0
+ACI-url.ad.gif+ACI-	0
+ACI-url.area51+ACI-	0
+ACI-url.www.internauts.ca+ACI-	0
+ACI-url.afn.org+ACI-	0
+ACI-url.ran.org+ACI-	0
+ACI-url.shareware.com+ACI-	0
+ACI-url.baons.images+ACI-	0
+ACI-url.area51.labyrinth+ACI-	0
+ACI-url.pics+ACI-	0
+ACI-url.image.navigate+ACI-	0
+ACI-url.pool.images+ACI-	0
+ACI-url.carousel.org+ACI-	0
+ACI-url.members.accessus.net+ACI-	0
+ACI-url.cmp.flowsoft010+ACI-	0
+ACI-url.smallb.gif+ACI-	0
+ACI-url.www.FlowSoft.com+ACI-	0
+ACI-url.kandinsky+ACI-	0
+ACI-url.csuhayward.edu+ACI-	0
+ACI-url.www.yahoo.co.uk+ACI-	0
+ACI-url.ibitexas.com+ACI-	0
+ACI-url.www.haestad.com+ACI-	0
+ACI-url.antiwar.com+ACI-	0
+ACI-url.www.monmouth.com+ACI-	0
+ACI-url.infoserver.etl.vt.edu+ACI-	0
+ACI-url.geoguideii.tour+ACI-	0
+ACI-url.heartland.pointe+ACI-	0
+ACI-url.romancebooks.pix+ACI-	0
+ACI-url.468x60+ACI-	0
+ACI-url.ads.switchboard.com+ACI-	0
+ACI-url.cqi.com+ACI-	0
+ACI-url.images.ixfolder+ACI-	0
+ACI-url.chat.b+ACI-	0
+ACI-url.images.geoguideii+ACI-	0
+ACI-url.preferences.com+ACI-	0
+ACI-url.icsi.com+ACI-	0
+ACI-url.pacific.net.sg+ACI-	0
+ACI-url.monmouth.com+ACI-	0
+ACI-url.wired.com+ACI-	0
+ACI-url.go2net+ACI-	0
+ACI-url.smiley.gif+ACI-	0
+ACI-url.navigate.b+ACI-	0
+ACI-url.sunsite.unc.edu+ACI-	0
+ACI-url.www.pacific.net.sg+ACI-	0
+ACI-url.home.gif+ACI-	0
+ACI-url.library+ACI-	0
+ACI-url.puc.edu+ACI-	0
+ACI-url.internauts.ca+ACI-	0
+ACI-url.www.worlddrugstore.com+ACI-	0
+ACI-url.www.ibitexas.com+ACI-	0
+ACI-url.ucsd.edu+ACI-	0
+ACI-url.pitcairn.smallb+ACI-	0
+ACI-url.kats+ACI-	0
+ACI-url.cjackson.kandinsky+ACI-	0
+ACI-url.tkaine.rings+ACI-	0
+ACI-url.any.time+ACI-	0
+ACI-url.FlowSoft.com+ACI-	0
+ACI-url.geoguideii.nh+ACI-	0
+ACI-url.charlie+ACI-	0
+ACI-url.heartland.meadows+ACI-	0
+ACI-url.home.netscape.com+ACI-	0
+ACI-url.9439.butt2+ACI-	0
+ACI-url.catringn.gif+ACI-	0
+ACI-url.martnet+ACI-	0
+ACI-url.lycos.de+ACI-	0
+ACI-url.catringn+ACI-	0
+ACI-url.catring1+ACI-	0
+ACI-url.fools.pixs+ACI-	0
+ACI-url.logos+ACI-	0
+ACI-url.private+ACI-	0
+ACI-url.ng.spacedesc+ACI-	0
+ACI-url.larx.com+ACI-	0
+ACI-url.site+ACI-	0
+ACI-url.pointe.1154+ACI-	0
+ACI-url.banners+ACI-	0
+ACI-url.pixs.smiley+ACI-	0
+ACI-url.www.123greetings.com+ACI-	0
+ACI-url.www.inwap.com+ACI-	0
+ACI-url.cjackson+ACI-	0
+ACI-url.labyrinth.9439+ACI-	0
+ACI-url.generated.images+ACI-	0
+ACI-url.image.ng+ACI-	0
+ACI-url.lolnad.private+ACI-	0
+ACI-url.library.pitcairn+ACI-	0
+ACI-url.www.mei.co.jp+ACI-	0
+ACI-url.april+ACI-	0
+ACI-url.derived+ACI-	0
+ACI-url.smiley+ACI-	0
+ACI-url.home+ACI-	0
+ACI-url.jsd+ACI-	0
+ACI-url.sonic.net+ACI-	0
+ACI-url.send.b+ACI-	0
+ACI-url.website.ora.com+ACI-	0
+ACI-url.pawbutton.gif+ACI-	0
+ACI-url.victoria.pharmacy+ACI-	0
+ACI-url.pages+ACI-	0
+ACI-url.worlddrugstore.com+ACI-	0
+ACI-url.geoguideii.email+ACI-	0
+ACI-url.www.icgnet.com+ACI-	0
+ACI-url.forum+ACI-	0
+ACI-url.www.afn.org+ACI-	0
+ACI-url.time+ACI-	0
+ACI-url.www.ran.org+ACI-	0
+ACI-url.main+ACI-	0
+ACI-url.geoguideii.pages+ACI-	0
+ACI-url.banner+ACI-	0
+ACI-url.stinky.gra+ACI-	0
+ACI-url.tkaine.buttons+ACI-	0
+ACI-url.victoria+ACI-	0
+ACI-url.kbell+ACI-	0
+ACI-url.www.truluck.com+ACI-	0
+ACI-url.img+ACI-	0
+ACI-url.pics.cats+ACI-	0
+ACI-url.alley+ACI-	0
+ACI-url.claw1+ACI-	0
+ACI-url.pharmacy.gif+ACI-	0
+ACI-url.www.autopen.com+ACI-	0
+ACI-url.images.img+ACI-	0
+ACI-url.fbox.vt.edu+ACI-	0
+ACI-url.unc.edu+ACI-	0
+ACI-url.ics+ACI-	0
+ACI-url.forums+ACI-	0
+ACI-url.chat+ACI-	0
+ACI-url.images.go2net.com+ACI-	0
+ACI-url.users.aol.com+ACI-	0
+ACI-url.malek+ACI-	0
+ACI-url.jsd.how+ACI-	0
+ACI-url.www.cqi.com+ACI-	0
+ACI-url.advertising.graphics+ACI-	0
+ACI-url.pawbutton+ACI-	0
+ACI-url.pictures+ACI-	0
+ACI-url.grouper.com+ACI-	0
+ACI-url.www.martnet.com+ACI-	0
+ACI-url.set.butt+ACI-	0
+ACI-url.how+ACI-	0
+ACI-url.www.wednet.com+ACI-	0
+ACI-url.www.globec.com.au+ACI-	0
+ACI-url.athens+ACI-	0
+ACI-url.info+ACI-	0
+ACI-url.www.ireland.today.ie+ACI-	0
+ACI-url.grn.bull+ACI-	0
+ACI-url.sjsu.edu+ACI-	0
+ACI-url.www.antiwar.com+ACI-	0
+ACI-url.www.puc.edu+ACI-	0
+ACI-url.sponsor+ACI-	0
+ACI-url.www.news.com+ACI-	0
+ACI-url.flowsoft010+ACI-	0
+ACI-url.red.ball+ACI-	0
+ACI-url.ads.msn.com+ACI-	0
+ACI-url.icons+ACI-	0
+ACI-url.images+ACI-	0
+ACI-url.access.ch+ACI-	0
+ACI-url.media.images+ACI-	0
+ACI-url.www.adamspharmacy.com+ACI-	0
+ACI-url.geocities.com+ACI-	0
+ACI-url.www.uk.lycos.de+ACI-	0
+ACI-url.copymat.com+ACI-	0
+ACI-url.hem1.passagen.se+ACI-	0
+ACI-url.meadows+ACI-	0
+ACI-url.grn+ACI-	0
+ACI-url.gra+ACI-	0
+ACI-url.vt.edu+ACI-	0
+ACI-url.www.express.scripts.com+ACI-	0
+ACI-url.imgs+ACI-	0
+ACI-url.personal+ACI-	0
+ACI-url.mindlink.net+ACI-	0
+ACI-url.send+ACI-	0
+ACI-url.pages.b+ACI-	0
+ACI-url.accessus.net+ACI-	0
+ACI-url.www.finest.tm.fr+ACI-	0
+ACI-url.geoguideii.search+ACI-	0
+ACI-url.polypkem+ACI-	0
+ACI-url.fools+ACI-	0
+ACI-url.www.larx.com+ACI-	0
+ACI-url.marketplace+ACI-	0
+ACI-url.wco.com+ACI-	0
+ACI-url.off.gif+ACI-	0
+ACI-url.tkaine.bars+ACI-	0
+ACI-url.icgnet.com+ACI-	0
+ACI-url.www.autotown.com+ACI-	0
+ACI-url.generated+ACI-	0
+ACI-url.9196.pawbutton+ACI-	0
+ACI-url.geoguideii.chat+ACI-	0
+ACI-url.www.vrn.de+ACI-	0
+ACI-url.claw1.gif+ACI-	0
+ACI-url.theinternetadvantage.com+ACI-	0
+ACI-url.runofsite+ACI-	0
+ACI-url.romancebooks+ACI-	0
+ACI-url.foxy.net+ACI-	0
+ACI-url.francois+ACI-	0
+ACI-url.links+ACI-	0
+ACI-url.athens.forum+ACI-	0
+ACI-url.autotown.com+ACI-	0
+ACI-url.logo+ACI-	0
+ACI-url.auto+ACI-	0
+ACI-url.afn47757+ACI-	0
+ACI-url.gifs+ACI-	0
+ACI-url.esi+ACI-	0
+ACI-url.hollywood+ACI-	0
+ACI-url.forum.8078+ACI-	0
+ACI-url.dept+ACI-	0
+ACI-url.adamspharmacy.com+ACI-	0
+ACI-url.valley+ACI-	0
+ACI-url.www.pacificrim.net+ACI-	0
+ACI-url.about+ACI-	0
+ACI-url.www.likesbooks.com+ACI-	0
+ACI-url.bossintl.com+ACI-	0
+ACI-url.wednet.com+ACI-	0
+ACI-url.news.com+ACI-	0
+ACI-url.arvann.images+ACI-	0
+ACI-url.users+ACI-	0
+ACI-url.netscape.com+ACI-	0
+ACI-url.athens.8774+ACI-	0
+ACI-url.pictures.gc+ACI-	0
+ACI-url.butt+ACI-	0
+ACI-url.e.gif+ACI-	0
+ACI-url.sunsetstrip.alley+ACI-	0
+ACI-url.geoguideii.send+ACI-	0
+ACI-url.catring1.gif+ACI-	0
+ACI-url.ball.gif+ACI-	0
+ACI-url.bull+ACI-	0
+ACI-url.paul.spu.edu+ACI-	0
+ACI-url.rank+ACI-	0
+ACI-url.2meta.com+ACI-	0
+ACI-url.w.gif+ACI-	0
+ACI-url.aol.com+ACI-	0
+ACI-url.lg.gif+ACI-	0
+ACI-url.irish+ACI-	0
+ACI-url.ad.preferences.com+ACI-	0
+ACI-url.bars+ACI-	0
+ACI-url.forums.b+ACI-	0
+ACI-url.gc.icon+ACI-	0
+ACI-url.www.geocities.com+ACI-	0
+ACI-url.www.carousel.org+ACI-	0
+ACI-url.ball+ACI-	0
+ACI-url.spu.edu+ACI-	0
+ACI-url.com+ACI-	0
+ACI-url.cnm+ACI-	0
+ACI-url.htm.images+ACI-	0
+ACI-url.htm.cmp+ACI-	0
+ACI-url.cmp+ACI-	0
+ACI-url.link.pics+ACI-	0
+ACI-url.mindspring.com+ACI-	0
+ACI-url.geoguideii.logo+ACI-	0
+ACI-url.psu.edu+ACI-	0
+ACI-url.go2net.ads+ACI-	0
+ACI-url.www.grouper.com+ACI-	0
+ACI-url.butt2+ACI-	0
+ACI-url.cat+ACI-	0
+ACI-url.www.dreamn.com+ACI-	0
+ACI-url.vbtn.gif+ACI-	0
+ACI-url.switchboard.com+ACI-	0
+ACI-url.logo.b+ACI-	0
+ACI-url.assets.images+ACI-	0
+ACI-url.martnet.com+ACI-	0
+ACI-url.buttons+ACI-	0
+ACI-url.thejeep.com+ACI-	0
+ACI-url.auto.generated+ACI-	0
+ACI-url.search.b+ACI-	0
+ACI-url.search+ACI-	0
+ACI-url.pharmacy+ACI-	0
+ACI-url.assets.auto+ACI-	0
+ACI-url.static.wired.com+ACI-	0
+ACI-url.cats+ACI-	0
+ACI-url.bull.gif+ACI-	0
+ACI-url.pitcairn+ACI-	0
+ACI-url.www.access.ch+ACI-	0
+ACI-url.adv.images+ACI-	0
+ACI-url.navigate+ACI-	0
+ACI-url.runofsite.any+ACI-	0
+ACI-url.dejay+ACI-	0
+ACI-url.bishop+ACI-	0
+ACI-url.email.b+ACI-	0
+ACI-url.www.mcs.csuhayward.edu+ACI-	0
+ACI-url.paris+ACI-	0
+ACI-url.1154.graypaw+ACI-	0
+ACI-url.stinky+ACI-	0
+ACI-url.img.ads+ACI-	0
+ACI-url.bds+ACI-	0
+ACI-url.www.wco.com+ACI-	0
+ACI-url.esi.image+ACI-	0
+ACI-url.vrn.de+ACI-	0
+ACI-url.www.toyotaofroswell.com+ACI-	0
+ACI-url.www.copymat.com+ACI-	0
+ACI-url.www.psnw.com+ACI-	0
+ACI-url.go2net.com+ACI-	0
+ACI-url.advertising+ACI-	0
+ACI-url.slake.com+ACI-	0
+ACI-url.www.theinternetadvantage.com+ACI-	0
+ACI-url.baons+ACI-	0
+ACI-url.geoguideii.rank+ACI-	0
+ACI-url.butt2.gif+ACI-	0
+ACI-url.tkaine+ACI-	0
+ACI-url.art+ACI-	0
+ACI-url.lovisa1+ACI-	0
+ACI-url.pool+ACI-	0
+ACI-url.valley.2647+ACI-	0
+ACI-url.any+ACI-	0
+ACI-url.corridor+ACI-	0
+ACI-url.top+ACI-	0
+ACI-url.rank.b+ACI-	0
+ACI-url.pacificrim.net+ACI-	0
+ACI-url.heartland.valley+ACI-	0
+ACI-url.tii+ACI-	0
+ACI-url.123greetings.com+ACI-	0
+ACI-url.adv+ACI-	0
+ACI-url.hydrogeologist.imgs+ACI-	0
+ACI-url.smallb+ACI-	0
+ACI-url.members.tripod.com+ACI-	0
+ACI-url.www.shareware.com+ACI-	0
+ACI-url.images.ads+ACI-	0
+ACI-url.vbtn+ACI-	0
+ACI-url.globec.com.au+ACI-	0
+ACI-url.www.news.observer.com+ACI-	0
+ACI-url.pointe+ACI-	0
+ACI-url.mandypaul+ACI-	0
+ACI-url.bds.s+ACI-	0
+ACI-url.www.ems.psu.edu+ACI-	0
+ACI-url.valley.2539+ACI-	0
+ACI-url.members.aol.com+ACI-	0
+ACI-url.yahoo.co.uk+ACI-	0
+ACI-url.malek.small+ACI-	0
+ACI-url.button+ACI-	0
+ACI-url.msn.com+ACI-	0
+ACI-url.graypaw.gif+ACI-	0
+ACI-url.haestad.com+ACI-	0
+ACI-url.sanjosesabercats.com+ACI-	0
+ACI-url.icon.gif+ACI-	0
+ACI-url.april.fools+ACI-	0
+ACI-url.assets+ACI-	0
+ACI-url.set+ACI-	0
+ACI-url.link+ACI-	0
+ACI-url.wc+ACI-	0
+ACI-url.sj+ACI-	0
+ACI-url.images.set+ACI-	0
+ACI-url.www.bossintl.com+ACI-	0
+ACI-url.nh+ACI-	0
+ACI-url.ng+ACI-	0
+ACI-url.counter+ACI-	0
+ACI-url.lg+ACI-	0
+ACI-url.spacedesc+ACI-	0
+ACI-url.bishop.red+ACI-	0
+ACI-url.it+ACI-	0
+ACI-url.ie+ACI-	0
+ACI-url.rings+ACI-	0
+ACI-url.gc+ACI-	0
+ACI-url.peace+ACI-	0
+ACI-url.dreamn.com+ACI-	0
+ACI-url.ar+ACI-	0
+ACI-url.thumb+ACI-	0
+ACI-url.clawnext+ACI-	0
+ACI-url.kandinsky.t+ACI-	0
+ACI-url.email+ACI-	0
+ACI-url.martnet.images+ACI-	0
+ACI-url.uk.gif+ACI-	0
+ACI-url.red+ACI-	0
+ACI-url.geoguideii.forums+ACI-	0
+ACI-url.www.2meta.com+ACI-	0
+ACI-url.ran+ACI-	0
+ACI-url.passagen.se+ACI-	0
+ACI-url.psnw.com+ACI-	0
+ACI-url.how.htm+ACI-	0
+ACI-url.tm.fr+ACI-	0
+ACI-url.sunsetstrip+ACI-	0
+ACI-url.ora.com+ACI-	0
+ACI-url.logo.gif+ACI-	0
+ACI-url.marketing+ACI-	0
+ACI-url.toyotaofroswell.com+ACI-	0
+ACI-url.heartland+ACI-	0
+ACI-url.ixfolder.gif+ACI-	0
+ACI-url.mcet.edu+ACI-	0
+ACI-url.enchantedforest+ACI-	0
+ACI-url.alley.6750+ACI-	0
+ACI-url.news.observer.com+ACI-	0
+ACI-url.ireland.today.ie+ACI-	0
+ACI-url.madamecleo+ACI-	0
+ACI-url.b.gif+ACI-	0
+ACI-url.tripod.com+ACI-	0
+ACI-url.button.gif+ACI-	0
+ACI-url.graypaw+ACI-	0
+ACI-url.excite.com+ACI-	0
+ACI-url.polypkem.grn+ACI-	0
+ACI-url.gort.ucsd.edu+ACI-	0
+ACI-url.lolnad+ACI-	0
+ACI-url.icon+ACI-	0
+ACI-url.falcon.sonic.net+ACI-	0
+ACI-url.picts+ACI-	0
+ACI-url.phoenix.mcet.edu+ACI-	0
+ACI-url.pix.b+ACI-	0
+ACI-url.www.icsi.com+ACI-	0
+ACI-url.ixfolder+ACI-	0
+ACI-url.inwap.com+ACI-	0
+ACI-url.www.cob.sjsu.edu+ACI-	0
+ACI-url.pix+ACI-	0
+ACI-url.www.thejeep.com+ACI-	0
+ACI-url.tour+ACI-	0
+ACI-url.www.sanjosesabercats.com+ACI-	0
+ACI-url.mei.co.jp+ACI-	0
+ACI-url.geoguideii+ACI-	0
+ACI-url.small+ACI-	0
+ACI-url.graphics+ACI-	0
+ACI-url.kbell.charlie+ACI-	0
+ACI-url.zueri.ch+ACI-	0
+ACI-url.arvann+ACI-	0
+ACI-origurl.labyrinth+ACI-	0
+ACI-origurl.puc.edu+ACI-	0
+ACI-origurl.charlie.charlie+ACI-	0
+ACI-origurl.hevern.psychref+ACI-	0
+ACI-origurl.and+ACI-	0
+ACI-origurl.pterry.htm+ACI-	0
+ACI-origurl.bishop+ACI-	0
+ACI-origurl.ora.com+ACI-	0
+ACI-origurl.www.nyx.net+ACI-	0
+ACI-origurl.www.yahoo.co.uk+ACI-	0
+ACI-origurl.www.truluck.com+ACI-	0
+ACI-origurl.target.ion+ACI-	0
+ACI-origurl.tkaine.sydkat+ACI-	0
+ACI-origurl.meadows.9196+ACI-	0
+ACI-origurl.top+ACI-	0
+ACI-origurl.members.xoom.com+ACI-	0
+ACI-origurl.0.rpp+ACI-	0
+ACI-origurl.adamspharmacy.com+ACI-	0
+ACI-origurl.icsi.com+ACI-	0
+ACI-origurl.tkaine.stvkat+ACI-	0
+ACI-origurl.shareware.com+ACI-	0
+ACI-origurl.e.html+ACI-	0
+ACI-origurl.www.123greetings.com+ACI-	0
+ACI-origurl.lofts.7119+ACI-	0
+ACI-origurl.likesbooks.com+ACI-	0
+ACI-origurl.gort.ucsd.edu+ACI-	0
+ACI-origurl.users.aol.com+ACI-	0
+ACI-origurl.www.innotts.co.uk+ACI-	0
+ACI-origurl.roll.com+ACI-	0
+ACI-origurl.events+ACI-	0
+ACI-origurl.www.2meta.com+ACI-	0
+ACI-origurl.chuck.html+ACI-	0
+ACI-origurl.paris+ACI-	0
+ACI-origurl.chapel+ACI-	0
+ACI-origurl.tii+ACI-	0
+ACI-origurl.how.title+ACI-	0
+ACI-origurl.www.news.observer.com+ACI-	0
+ACI-origurl.alley+ACI-	0
+ACI-origurl.april.fools+ACI-	0
+ACI-origurl.carousel+ACI-	0
+ACI-origurl.www.haestad.com+ACI-	0
+ACI-origurl.title.html+ACI-	0
+ACI-origurl.lemoyne.edu+ACI-	0
+ACI-origurl.plains.5257+ACI-	0
+ACI-origurl.psychref+ACI-	0
+ACI-origurl.www.interchg.ubc.ca+ACI-	0
+ACI-origurl.www.lycos.co.uk+ACI-	0
+ACI-origurl.lolnad.private+ACI-	0
+ACI-origurl.ibitexas.com+ACI-	0
+ACI-origurl.wco.com+ACI-	0
+ACI-origurl.jsd+ACI-	0
+ACI-origurl.www.rock.n.roll.com+ACI-	0
+ACI-origurl.antiwar.com+ACI-	0
+ACI-origurl.target+ACI-	0
+ACI-origurl.phoenix.mcet.edu+ACI-	0
+ACI-origurl.index+ACI-	0
+ACI-origurl.1154.index+ACI-	0
+ACI-origurl.pharmacy+ACI-	0
+ACI-origurl.coltrane+ACI-	0
+ACI-origurl.website.ora.com+ACI-	0
+ACI-origurl.index.htm+ACI-	0
+ACI-origurl.dept+ACI-	0
+ACI-origurl.area51.labyrinth+ACI-	0
+ACI-origurl.mandypaul+ACI-	0
+ACI-origurl.pointe+ACI-	0
+ACI-origurl.plato.htm+ACI-	0
+ACI-origurl.arvann+ACI-	0
+ACI-origurl.ion.0+ACI-	0
+ACI-origurl.chapel.safehaven+ACI-	0
+ACI-origurl.worldvillage.com+ACI-	0
+ACI-origurl.nf.htm+ACI-	0
+ACI-origurl.www.martnet.com+ACI-	0
+ACI-origurl.hem1.passagen.se+ACI-	0
+ACI-origurl.worlddrugstore.com+ACI-	0
+ACI-origurl.www.globec.com.au+ACI-	0
+ACI-origurl.athens.8774+ACI-	0
+ACI-origurl.times.paper+ACI-	0
+ACI-origurl.actup+ACI-	0
+ACI-origurl.inwap+ACI-	0
+ACI-origurl.main+ACI-	0
+ACI-origurl.www.larx.com+ACI-	0
+ACI-origurl.geocities.com+ACI-	0
+ACI-origurl.4301.misfits2+ACI-	0
+ACI-origurl.kattsida+ACI-	0
+ACI-origurl.members.aol.com+ACI-	0
+ACI-origurl.spu.edu+ACI-	0
+ACI-origurl.sunsite.unc.edu+ACI-	0
+ACI-origurl.valley.2647+ACI-	0
+ACI-origurl.josefina3+ACI-	0
+ACI-origurl.tkaine+ACI-	0
+ACI-origurl.bonchin.cat+ACI-	0
+ACI-origurl.chopin.htm+ACI-	0
+ACI-origurl.punkie+ACI-	0
+ACI-origurl.ubc.ca+ACI-	0
+ACI-origurl.links.nf+ACI-	0
+ACI-origurl.misfits2+ACI-	0
+ACI-origurl.area51.vault+ACI-	0
+ACI-origurl.kitty+ACI-	0
+ACI-origurl.plato+ACI-	0
+ACI-origurl.hollywood.7735+ACI-	0
+ACI-origurl.link+ACI-	0
+ACI-origurl.www.monmouth.com+ACI-	0
+ACI-origurl.hist+ACI-	0
+ACI-origurl.members.tripod.com+ACI-	0
+ACI-origurl.www.ibitexas.com+ACI-	0
+ACI-origurl.cgidir.dll+ACI-	0
+ACI-origurl.heartland+ACI-	0
+ACI-origurl.pages.catscats+ACI-	0
+ACI-origurl.tkaine.linda+ACI-	0
+ACI-origurl.crawler+ACI-	0
+ACI-origurl.paul.spu.edu+ACI-	0
+ACI-origurl.bishop.pterry+ACI-	0
+ACI-origurl.carousel.org+ACI-	0
+ACI-origurl.romance+ACI-	0
+ACI-origurl.nyx.net+ACI-	0
+ACI-origurl.hollywood+ACI-	0
+ACI-origurl.simonc+ACI-	0
+ACI-origurl.sox+ACI-	0
+ACI-origurl.www.cob.sjsu.edu+ACI-	0
+ACI-origurl.timeout.5+ACI-	0
+ACI-origurl.leonora+ACI-	0
+ACI-origurl.fh.rpl.de+ACI-	0
+ACI-origurl.vt.edu+ACI-	0
+ACI-origurl.ucsd.edu+ACI-	0
+ACI-origurl.www.carousel.org+ACI-	0
+ACI-origurl.www.antiwar.com+ACI-	0
+ACI-origurl.FlowSoft.com+ACI-	0
+ACI-origurl.kbell.charlie+ACI-	0
+ACI-origurl.www.likesbooks.com+ACI-	0
+ACI-origurl.labyrinth.9439+ACI-	0
+ACI-origurl.www.icsi.com+ACI-	0
+ACI-origurl.events.aprilfoolsday+ACI-	0
+ACI-origurl.tii.tii+ACI-	0
+ACI-origurl.athens.forum+ACI-	0
+ACI-origurl.library+ACI-	0
+ACI-origurl.valley+ACI-	0
+ACI-origurl.ics.ikenobo+ACI-	0
+ACI-origurl.unc.edu+ACI-	0
+ACI-origurl.kandin+ACI-	0
+ACI-origurl.bordeaux+ACI-	0
+ACI-origurl.charlie+ACI-	0
+ACI-origurl.6750.paws+ACI-	0
+ACI-origurl.cccats+ACI-	0
+ACI-origurl.linda.htm+ACI-	0
+ACI-origurl.2647.coltrane+ACI-	0
+ACI-origurl.vault.3440+ACI-	0
+ACI-origurl.victoria.pharmacy+ACI-	0
+ACI-origurl.wv+ACI-	0
+ACI-origurl.kandin.html+ACI-	0
+ACI-origurl.soho.lofts+ACI-	0
+ACI-origurl.sunsetstrip.alley+ACI-	0
+ACI-origurl.slake.com+ACI-	0
+ACI-origurl.autotown.com+ACI-	0
+ACI-origurl.www.sanjosesabercats.com+ACI-	0
+ACI-origurl.infoserver.etl.vt.edu+ACI-	0
+ACI-origurl.kushmerick+ACI-	0
+ACI-origurl.www.toyotaofroswell.com+ACI-	0
+ACI-origurl.turbo+ACI-	0
+ACI-origurl.sw+ACI-	0
+ACI-origurl.hills+ACI-	0
+ACI-origurl.st+ACI-	0
+ACI-origurl.mogwhi+ACI-	0
+ACI-origurl.sj+ACI-	0
+ACI-origurl.pointe.1154+ACI-	0
+ACI-origurl.monmouth.com+ACI-	0
+ACI-origurl.mei.co.jp+ACI-	0
+ACI-origurl.sonic.net+ACI-	0
+ACI-origurl.safehaven.index+ACI-	0
+ACI-origurl.simonc.cybermog+ACI-	0
+ACI-origurl.messier+ACI-	0
+ACI-origurl.cybercats+ACI-	0
+ACI-origurl.search+ACI-	0
+ACI-origurl.heartland.5309+ACI-	0
+ACI-origurl.psnw.com+ACI-	0
+ACI-origurl.links+ACI-	0
+ACI-origurl.nav+ACI-	0
+ACI-origurl.nf+ACI-	0
+ACI-origurl.sunsetstrip+ACI-	0
+ACI-origurl.kandinsky+ACI-	0
+ACI-origurl.meadows.3727+ACI-	0
+ACI-origurl.www.afn.org+ACI-	0
+ACI-origurl.southbeach+ACI-	0
+ACI-origurl.pacific.net.sg+ACI-	0
+ACI-origurl.heartland.pointe+ACI-	0
+ACI-origurl.valley.2539+ACI-	0
+ACI-origurl.catscats.html+ACI-	0
+ACI-origurl.horn.html+ACI-	0
+ACI-origurl.area51+ACI-	0
+ACI-origurl.pages+ACI-	0
+ACI-origurl.chopin+ACI-	0
+ACI-origurl.it+ACI-	0
+ACI-origurl.bonchin+ACI-	0
+ACI-origurl.www.worldvillage.com+ACI-	0
+ACI-origurl.00.html+ACI-	0
+ACI-origurl.vrn.de+ACI-	0
+ACI-origurl.home.netscape.com+ACI-	0
+ACI-origurl.simstory.html+ACI-	0
+ACI-origurl.biopic.htm+ACI-	0
+ACI-origurl.dll+ACI-	0
+ACI-origurl.cmeese.malibu+ACI-	0
+ACI-origurl.ics+ACI-	0
+ACI-origurl.linda+ACI-	0
+ACI-origurl.fr+ACI-	0
+ACI-origurl.private.biopic+ACI-	0
+ACI-origurl.corridor.4590+ACI-	0
+ACI-origurl.leonora.html+ACI-	0
+ACI-origurl.dejay+ACI-	0
+ACI-origurl.aprilfoolsday+ACI-	0
+ACI-origurl.fools+ACI-	0
+ACI-origurl.biopic+ACI-	0
+ACI-origurl.lofts+ACI-	0
+ACI-origurl.heartland.plains+ACI-	0
+ACI-origurl.passagen.se+ACI-	0
+ACI-origurl.djang+ACI-	0
+ACI-origurl.5257.timstory+ACI-	0
+ACI-origurl.5.hpe+ACI-	0
+ACI-origurl.cybermog.htm+ACI-	0
+ACI-origurl.area51.corridor+ACI-	0
+ACI-origurl.yosemite.4301+ACI-	0
+ACI-origurl.wosc.html+ACI-	0
+ACI-origurl.rpp+ACI-	0
+ACI-origurl.personal+ACI-	0
+ACI-origurl.express.scripts.com+ACI-	0
+ACI-origurl.madamecleo+ACI-	0
+ACI-origurl.malibu+ACI-	0
+ACI-origurl.sjsu.edu+ACI-	0
+ACI-origurl.news+ACI-	0
+ACI-origurl.www.ems.psu.edu+ACI-	0
+ACI-origurl.7735.mcp+ACI-	0
+ACI-origurl.sox.htm+ACI-	0
+ACI-origurl.mcet.edu+ACI-	0
+ACI-origurl.punkie.htm+ACI-	0
+ACI-origurl.midnite+ACI-	0
+ACI-origurl.foxy.net+ACI-	0
+ACI-origurl.maple.lemoyne.edu+ACI-	0
+ACI-origurl.news.com+ACI-	0
+ACI-origurl.4010.index+ACI-	0
+ACI-origurl.www.slake.com+ACI-	0
+ACI-origurl.larx.com+ACI-	0
+ACI-origurl.www.FlowSoft.com+ACI-	0
+ACI-origurl.paper+ACI-	0
+ACI-origurl.paper.1998+ACI-	0
+ACI-origurl.inwap.com+ACI-	0
+ACI-origurl.www.tkz.fh.rpl.de+ACI-	0
+ACI-origurl.members.accessus.net+ACI-	0
+ACI-origurl.kattsida.html+ACI-	0
+ACI-origurl.cjackson.kandinsky+ACI-	0
+ACI-origurl.main.htm+ACI-	0
+ACI-origurl.www.mei.co.jp+ACI-	0
+ACI-origurl.www.adamspharmacy.com+ACI-	0
+ACI-origurl.20.timeout+ACI-	0
+ACI-origurl.corridor.5139+ACI-	0
+ACI-origurl.falcon.sonic.net+ACI-	0
+ACI-origurl.lycos.co.uk+ACI-	0
+ACI-origurl.ran+ACI-	0
+ACI-origurl.afn47757.midnite+ACI-	0
+ACI-origurl.www.vrn.de+ACI-	0
+ACI-origurl.5309.index+ACI-	0
+ACI-origurl.stvkat.htm+ACI-	0
+ACI-origurl.hpe+ACI-	0
+ACI-origurl.wv.square+ACI-	0
+ACI-origurl.www.pacificrim.net+ACI-	0
+ACI-origurl.how+ACI-	0
+ACI-origurl.www.metacrawler.com+ACI-	0
+ACI-origurl.pacificrim.net+ACI-	0
+ACI-origurl.5257.simstory+ACI-	0
+ACI-origurl.cmeese+ACI-	0
+ACI-origurl.metacrawler.com+ACI-	0
+ACI-origurl.catscats+ACI-	0
+ACI-origurl.wosc+ACI-	0
+ACI-origurl.xoom.com+ACI-	0
+ACI-origurl.innotts.co.uk+ACI-	0
+ACI-origurl.paris.3963+ACI-	0
+ACI-origurl.general.kushmerick+ACI-	0
+ACI-origurl.mindlink.net+ACI-	0
+ACI-origurl.cybermog+ACI-	0
+ACI-origurl.kerouac.htm+ACI-	0
+ACI-origurl.internauts.ca+ACI-	0
+ACI-origurl.mcp+ACI-	0
+ACI-origurl.martnet.com+ACI-	0
+ACI-origurl.toyotaofroswell.com+ACI-	0
+ACI-origurl.msheryl+ACI-	0
+ACI-origurl.vault+ACI-	0
+ACI-origurl.malibu.html+ACI-	0
+ACI-origurl.jsd.how+ACI-	0
+ACI-origurl.polypkem.index+ACI-	0
+ACI-origurl.corridor+ACI-	0
+ACI-origurl.zoe.html+ACI-	0
+ACI-origurl.afn.org+ACI-	0
+ACI-origurl.theinternetadvantage.com+ACI-	0
+ACI-origurl.coltrane.htm+ACI-	0
+ACI-origurl.timeout+ACI-	0
+ACI-origurl.8078.home+ACI-	0
+ACI-origurl.turbo.html+ACI-	0
+ACI-origurl.heartland.meadows+ACI-	0
+ACI-origurl.news.observer.com+ACI-	0
+ACI-origurl.www.psnw.com+ACI-	0
+ACI-origurl.tkaine.mogwhi+ACI-	0
+ACI-origurl.stanford.edu+ACI-	0
+ACI-origurl.www.bossintl.com+ACI-	0
+ACI-origurl.general+ACI-	0
+ACI-origurl.switchboard.com+ACI-	0
+ACI-origurl.cgidir+ACI-	0
+ACI-origurl.access.ch+ACI-	0
+ACI-origurl.sydkat.htm+ACI-	0
+ACI-origurl.hotsprings+ACI-	0
+ACI-origurl.baons+ACI-	0
+ACI-origurl.peace+ACI-	0
+ACI-origurl.2647.chopin+ACI-	0
+ACI-origurl.www.worlddrugstore.com+ACI-	0
+ACI-origurl.actup.index+ACI-	0
+ACI-origurl.bin.cgidir+ACI-	0
+ACI-origurl.www.internauts.ca+ACI-	0
+ACI-origurl.library.pitcairn+ACI-	0
+ACI-origurl.inwap.cats+ACI-	0
+ACI-origurl.lolnad+ACI-	0
+ACI-origurl.pterry+ACI-	0
+ACI-origurl.lovisa1+ACI-	0
+ACI-origurl.www.dreamn.com+ACI-	0
+ACI-origurl.polypkem+ACI-	0
+ACI-origurl.tm.fr+ACI-	0
+ACI-origurl.athens+ACI-	0
+ACI-origurl.copymat.com+ACI-	0
+ACI-origurl.soho+ACI-	0
+ACI-origurl.victoria+ACI-	0
+ACI-origurl.bossintl.com+ACI-	0
+ACI-origurl.westhollywood+ACI-	0
+ACI-origurl.private+ACI-	0
+ACI-origurl.cat+ACI-	0
+ACI-origurl.cats.htm+ACI-	0
+ACI-origurl.malek.kandin+ACI-	0
+ACI-origurl.yosemite+ACI-	0
+ACI-origurl.www.inwap.com+ACI-	0
+ACI-origurl.afn47757.plato+ACI-	0
+ACI-origurl.timstory+ACI-	0
+ACI-origurl.excite.com+ACI-	0
+ACI-origurl.forum.8078+ACI-	0
+ACI-origurl.cats+ACI-	0
+ACI-origurl.kitty.and+ACI-	0
+ACI-origurl.dreamn.com+ACI-	0
+ACI-origurl.crawler.general+ACI-	0
+ACI-origurl.bordeaux.actup+ACI-	0
+ACI-origurl.hotsprings.4527+ACI-	0
+ACI-origurl.kbell+ACI-	0
+ACI-origurl.stinky.cats+ACI-	0
+ACI-origurl.plains+ACI-	0
+ACI-origurl.netscape.com+ACI-	0
+ACI-origurl.csuhayward.edu+ACI-	0
+ACI-origurl.safehaven+ACI-	0
+ACI-origurl.tripod.com+ACI-	0
+ACI-origurl.alley.6750+ACI-	0
+ACI-origurl.sanjosesabercats.com+ACI-	0
+ACI-origurl.www.news.com+ACI-	0
+ACI-origurl.mogwhi.htm+ACI-	0
+ACI-origurl.www.theinternetadvantage.com+ACI-	0
+ACI-origurl.thejeep.com+ACI-	0
+ACI-origurl.3963.leonora+ACI-	0
+ACI-origurl.www.wednet.com+ACI-	0
+ACI-origurl.autopen.com+ACI-	0
+ACI-origurl.charlie.html+ACI-	0
+ACI-origurl.forum+ACI-	0
+ACI-origurl.kaitlin+ACI-	0
+ACI-origurl.april+ACI-	0
+ACI-origurl.grouper.com+ACI-	0
+ACI-origurl.www.ran.org+ACI-	0
+ACI-origurl.sydkat+ACI-	0
+ACI-origurl.heartland.6712+ACI-	0
+ACI-origurl.rpp.20+ACI-	0
+ACI-origurl.2647.kaitlin+ACI-	0
+ACI-origurl.psychref.html+ACI-	0
+ACI-origurl.josefina3.horn+ACI-	0
+ACI-origurl.malek+ACI-	0
+ACI-origurl.stvkat+ACI-	0
+ACI-origurl.timstory.html+ACI-	0
+ACI-origurl.corp+ACI-	0
+ACI-origurl.story+ACI-	0
+ACI-origurl.bds.punkie+ACI-	0
+ACI-origurl.zoe+ACI-	0
+ACI-origurl.kerouac+ACI-	0
+ACI-origurl.123greetings.com+ACI-	0
+ACI-origurl.2647.kerouac+ACI-	0
+ACI-origurl.www.access.ch+ACI-	0
+ACI-origurl.www.express.scripts.com+ACI-	0
+ACI-origurl.paws+ACI-	0
+ACI-origurl.wednet.com+ACI-	0
+ACI-origurl.francois+ACI-	0
+ACI-origurl.simstory+ACI-	0
+ACI-origurl.www.puc.edu+ACI-	0
+ACI-origurl.www.copymat.com+ACI-	0
+ACI-origurl.cjackson+ACI-	0
+ACI-origurl.kaitlin.htm+ACI-	0
+ACI-origurl.tori.html+ACI-	0
+ACI-origurl.southbeach.7597+ACI-	0
+ACI-origurl.home.html+ACI-	0
+ACI-origurl.hpe.10+ACI-	0
+ACI-origurl.pad.htm+ACI-	0
+ACI-origurl.psu.edu+ACI-	0
+ACI-origurl.www.shareware.com+ACI-	0
+ACI-origurl.bin+ACI-	0
+ACI-origurl.arvann.pages+ACI-	0
+ACI-origurl.tori+ACI-	0
+ACI-origurl.www.icgnet.com+ACI-	0
+ACI-origurl.romancebooks+ACI-	0
+ACI-origurl.3727.turbo+ACI-	0
+ACI-origurl.football+ACI-	0
+ACI-origurl.msheryl.djang+ACI-	0
+ACI-origurl.zueri.ch+ACI-	0
+ACI-origurl.aol.com+ACI-	0
+ACI-origurl.bds+ACI-	0
+ACI-origurl.cat.html+ACI-	0
+ACI-origurl.and.tori+ACI-	0
+ACI-origurl.hollywood.9662+ACI-	0
+ACI-origurl.djang.html+ACI-	0
+ACI-origurl.yahoo.co.uk+ACI-	0
+ACI-origurl.truluck.com+ACI-	0
+ACI-origurl.shtml+ACI-	0
+ACI-origurl.link.chuck+ACI-	0
+ACI-origurl.www.thejeep.com+ACI-	0
+ACI-origurl.2meta.com+ACI-	0
+ACI-origurl.cats.html+ACI-	0
+ACI-origurl.www.autopen.com+ACI-	0
+ACI-origurl.hevern+ACI-	0
+ACI-origurl.ikenobo+ACI-	0
+ACI-origurl.accessus.net+ACI-	0
+ACI-origurl.www.wco.com+ACI-	0
+ACI-origurl.contents+ACI-	0
+ACI-origurl.pitcairn+ACI-	0
+ACI-origurl.westhollywood.4010+ACI-	0
+ACI-origurl.messier.html+ACI-	0
+ACI-origurl.icgnet.com+ACI-	0
+ACI-origurl.mandypaul.main+ACI-	0
+ACI-origurl.links.carousel+ACI-	0
+ACI-origurl.square.chapel+ACI-	0
+ACI-origurl.www.grouper.com+ACI-	0
+ACI-origurl.6712.cats+ACI-	0
+ACI-origurl.www.MeissnerChevrolet.autotown.com+ACI-	0
+ACI-origurl.globec.com.au+ACI-	0
+ACI-origurl.meadows+ACI-	0
+ACI-origurl.afn47757+ACI-	0
+ACI-origurl.www.geocities.com+ACI-	0
+ACI-origurl.haestad.com+ACI-	0
+ACI-origurl.midnite.htm+ACI-	0
+ACI-origurl.tkaine.sox+ACI-	0
+ACI-origurl.lovisa1.kattsida+ACI-	0
+ACI-origurl.fr.bordeaux+ACI-	0
+ACI-origurl.mindspring.com+ACI-	0
+ACI-origurl.7597.kitty+ACI-	0
+ACI-origurl.wired.com+ACI-	0
+ACI-origurl.paws.pad+ACI-	0
+ACI-origurl.square+ACI-	0
+ACI-origurl.pad+ACI-	0
+ACI-origurl.method+ACI-	0
+ACI-origurl.www.mcs.csuhayward.edu+ACI-	0
+ACI-origurl.www.pacific.net.sg+ACI-	0
+ACI-origurl.chuck+ACI-	0
+ACI-origurl.ran.org+ACI-	0
+ACI-origurl.misfits2.htm+ACI-	0
+ACI-origurl.stinky+ACI-	0
+ACI-origurl.horn+ACI-	0
+ACI-origurl.heartland.valley+ACI-	0
+ACI-origurl.heartland.hills+ACI-	0
+ACI-origurl.www.finest.tm.fr+ACI-	0
+ACI-origurl.carousel.links+ACI-	0
+ACI-origurl.kushmerick.method+ACI-	0
+ACI-origurl.txt+ACI-	0
+ACI-origurl.method.0+ACI-	0
+ACI-origurl.title+ACI-	0
+ACI-origurl.fbox.vt.edu+ACI-	0
+ACI-origurl.index.html+ACI-	0
+ACI-origurl.asp+ACI-	0
+ACI-origurl.mcp.htm+ACI-	0
+ACI-origurl.home+ACI-	0
+ACI-origurl.hydrogeologist+ACI-	0
+ACI-origurl.2539.index+ACI-	0
+ACI-origurl.teams+ACI-	0
+ACI-origurl.ion+ACI-	0
+ACI-ancurl.search.direct+ACI-	0
+ACI-ancurl.likesbooks.com+ACI-	0
+ACI-ancurl.mirror+ACI-	0
+ACI-ancurl.www.slake.com+ACI-	0
+ACI-ancurl.cnet.cat+ACI-	0
+ACI-ancurl.hydrogeologist+ACI-	0
+ACI-ancurl.geoguide+ACI-	0
+ACI-ancurl.2fcrawler+ACI-	0
+ACI-ancurl.clawring.htm+ACI-	0
+ACI-ancurl.tkaine.kats+ACI-	0
+ACI-ancurl.labyrinth+ACI-	0
+ACI-ancurl.clickthru.clickid+ACI-	0
+ACI-ancurl.com.ads+ACI-	0
+ACI-ancurl.area51.corridor+ACI-	0
+ACI-ancurl.express.scripts.com+ACI-	0
+ACI-ancurl.cnet+ACI-	0
+ACI-ancurl.time.1998+ACI-	0
+ACI-ancurl.josefina3+ACI-	0
+ACI-ancurl.truluck.com+ACI-	0
+ACI-ancurl.cgiadman+ACI-	0
+ACI-ancurl.linkpg.htm+ACI-	0
+ACI-ancurl.geoguide.rank+ACI-	0
+ACI-ancurl.area51+ACI-	0
+ACI-ancurl.www.internauts.ca+ACI-	0
+ACI-ancurl.afn.org+ACI-	0
+ACI-ancurl.www.microsoft.com+ACI-	0
+ACI-ancurl.ran.org+ACI-	0
+ACI-ancurl.comprod.mirror+ACI-	0
+ACI-ancurl.shareware.com+ACI-	0
+ACI-ancurl.jump+ACI-	0
+ACI-ancurl.area51.labyrinth+ACI-	0
+ACI-ancurl.pics+ACI-	0
+ACI-ancurl.nsads.hotwired.com+ACI-	0
+ACI-ancurl.new+ACI-	0
+ACI-ancurl.net+ACI-	0
+ACI-ancurl.relocate.ad+ACI-	0
+ACI-ancurl.sendform+ACI-	0
+ACI-ancurl.carousel.org+ACI-	0
+ACI-ancurl.members.accessus.net+ACI-	0
+ACI-ancurl.home.htm+ACI-	0
+ACI-ancurl.index.html+ACI-	0
+ACI-ancurl.www.FlowSoft.com+ACI-	0
+ACI-ancurl.kandinsky+ACI-	0
+ACI-ancurl.csuhayward.edu+ACI-	0
+ACI-ancurl.www.yahoo.co.uk+ACI-	0
+ACI-ancurl.ibitexas.com+ACI-	0
+ACI-ancurl.www.monmouth.com+ACI-	0
+ACI-ancurl.infoserver.etl.vt.edu+ACI-	0
+ACI-ancurl.heartland.pointe+ACI-	0
+ACI-ancurl.msn+ACI-	0
+ACI-ancurl.468x60+ACI-	0
+ACI-ancurl.bin.click+ACI-	0
+ACI-ancurl.general+ACI-	0
+ACI-ancurl.cqi.com+ACI-	0
+ACI-ancurl.heartland.plains+ACI-	0
+ACI-ancurl.redir+ACI-	0
+ACI-ancurl.webring.org+ACI-	0
+ACI-ancurl.uk.sv+ACI-	0
+ACI-ancurl.mem+ACI-	0
+ACI-ancurl.next+ACI-	0
+ACI-ancurl.pacific.net.sg+ACI-	0
+ACI-ancurl.monmouth.com+ACI-	0
+ACI-ancurl.news+ACI-	0
+ACI-ancurl.default+ACI-	0
+ACI-ancurl.exe.cid+ACI-	0
+ACI-ancurl.claw+ACI-	0
+ACI-ancurl.bin.webring+ACI-	0
+ACI-ancurl.emailbox+ACI-	0
+ACI-ancurl.sunsite.unc.edu+ACI-	0
+ACI-ancurl.exec.obidos+ACI-	0
+ACI-ancurl.obidos+ACI-	0
+ACI-ancurl.www.pacific.net.sg+ACI-	0
+ACI-ancurl.library+ACI-	0
+ACI-ancurl.puc.edu+ACI-	0
+ACI-ancurl.internauts.ca+ACI-	0
+ACI-ancurl.www.ibitexas.com+ACI-	0
+ACI-ancurl.ucsd.edu+ACI-	0
+ACI-ancurl.kats+ACI-	0
+ACI-ancurl.cjackson.kandinsky+ACI-	0
+ACI-ancurl.clickid+ACI-	0
+ACI-ancurl.any.time+ACI-	0
+ACI-ancurl.1.cid+ACI-	0
+ACI-ancurl.ring+ACI-	0
+ACI-ancurl.FlowSoft.com+ACI-	0
+ACI-ancurl.nph.adclick+ACI-	0
+ACI-ancurl.adclick.exe+ACI-	0
+ACI-ancurl.event+ACI-	0
+ACI-ancurl.general.site+ACI-	0
+ACI-ancurl.2fclick+ACI-	0
+ACI-ancurl.home.netscape.com+ACI-	0
+ACI-ancurl.bin.homestead+ACI-	0
+ACI-ancurl.click.runid+ACI-	0
+ACI-ancurl.martnet+ACI-	0
+ACI-ancurl.doubleclick.net+ACI-	0
+ACI-ancurl.st.uk+ACI-	0
+ACI-ancurl.catring.html+ACI-	0
+ACI-ancurl.ng.spacedesc+ACI-	0
+ACI-ancurl.familyid+ACI-	0
+ACI-ancurl.yahoo+ACI-	0
+ACI-ancurl.redirect.dll+ACI-	0
+ACI-ancurl.pointe.1154+ACI-	0
+ACI-ancurl.home.html+ACI-	0
+ACI-ancurl.www.123greetings.com+ACI-	0
+ACI-ancurl.cat.general+ACI-	0
+ACI-ancurl.www.inwap.com+ACI-	0
+ACI-ancurl.cjackson+ACI-	0
+ACI-ancurl.labyrinth.9439+ACI-	0
+ACI-ancurl.library.pitcairn+ACI-	0
+ACI-ancurl.www.mei.co.jp+ACI-	0
+ACI-ancurl.april+ACI-	0
+ACI-ancurl.comprod+ACI-	0
+ACI-ancurl.ukie+ACI-	0
+ACI-ancurl.home+ACI-	0
+ACI-ancurl.www.lycos.co.uk+ACI-	0
+ACI-ancurl.jsd+ACI-	0
+ACI-ancurl.ans.entry+ACI-	0
+ACI-ancurl.www.icgnet.com+ACI-	0
+ACI-ancurl.forum+ACI-	0
+ACI-ancurl.redirect.cgi+ACI-	0
+ACI-ancurl.www.afn.org+ACI-	0
+ACI-ancurl.geoguide.emailme+ACI-	0
+ACI-ancurl.time+ACI-	0
+ACI-ancurl.www.ran.org+ACI-	0
+ACI-ancurl.main+ACI-	0
+ACI-ancurl.members.keith+ACI-	0
+ACI-ancurl.http.ad+ACI-	0
+ACI-ancurl.2f.2fwww+ACI-	0
+ACI-ancurl.ad.bin+ACI-	0
+ACI-ancurl.www.amazon.com+ACI-	0
+ACI-ancurl.4.mem+ACI-	0
+ACI-ancurl.www.truluck.com+ACI-	0
+ACI-ancurl.bridalinfo+ACI-	0
+ACI-ancurl.pics.cats+ACI-	0
+ACI-ancurl.direct+ACI-	0
+ACI-ancurl.image.http+ACI-	0
+ACI-ancurl.fbox.vt.edu+ACI-	0
+ACI-ancurl.unc.edu+ACI-	0
+ACI-ancurl.d.ukie+ACI-	0
+ACI-ancurl.forums+ACI-	0
+ACI-ancurl.co.uk+ACI-	0
+ACI-ancurl.e.html+ACI-	0
+ACI-ancurl.inwap.cats+ACI-	0
+ACI-ancurl.malek+ACI-	0
+ACI-ancurl.jsd.how+ACI-	0
+ACI-ancurl.www.cqi.com+ACI-	0
+ACI-ancurl.redirect.http+ACI-	0
+ACI-ancurl.name+ACI-	0
+ACI-ancurl.1.d+ACI-	0
+ACI-ancurl.kat001+ACI-	0
+ACI-ancurl.magic.adclick+ACI-	0
+ACI-ancurl.grouper.com+ACI-	0
+ACI-ancurl.readersndex.com+ACI-	0
+ACI-ancurl.excite.468x60+ACI-	0
+ACI-ancurl.www.martnet.com+ACI-	0
+ACI-ancurl.http.2f+ACI-	0
+ACI-ancurl.direct.topic+ACI-	0
+ACI-ancurl.how+ACI-	0
+ACI-ancurl.www.wednet.com+ACI-	0
+ACI-ancurl.www.globec.com.au+ACI-	0
+ACI-ancurl.athens+ACI-	0
+ACI-ancurl.info+ACI-	0
+ACI-ancurl.schwab+ACI-	0
+ACI-ancurl.sjsu.edu+ACI-	0
+ACI-ancurl.www.puc.edu+ACI-	0
+ACI-ancurl.a.uk+ACI-	0
+ACI-ancurl.www.news.com+ACI-	0
+ACI-ancurl.2fclick.ng+ACI-	0
+ACI-ancurl.ads.msn.com+ACI-	0
+ACI-ancurl.images+ACI-	0
+ACI-ancurl.access.ch+ACI-	0
+ACI-ancurl.home.ring+ACI-	0
+ACI-ancurl.plug.go2net.com+ACI-	0
+ACI-ancurl.geocities.com+ACI-	0
+ACI-ancurl.geoguide.tour+ACI-	0
+ACI-ancurl.copymat.com+ACI-	0
+ACI-ancurl.www.webring.org+ACI-	0
+ACI-ancurl.groupid.1+ACI-	0
+ACI-ancurl.gif.pk+ACI-	0
+ACI-ancurl.dll.cid+ACI-	0
+ACI-ancurl.adid+ACI-	0
+ACI-ancurl.vt.edu+ACI-	0
+ACI-ancurl.worlddrug.com+ACI-	0
+ACI-ancurl.edition+ACI-	0
+ACI-ancurl.www.express.scripts.com+ACI-	0
+ACI-ancurl.personal+ACI-	0
+ACI-ancurl.gid+ACI-	0
+ACI-ancurl.bin.geoguide+ACI-	0
+ACI-ancurl.mindlink.net+ACI-	0
+ACI-ancurl.accessus.net+ACI-	0
+ACI-ancurl.type+ACI-	0
+ACI-ancurl.ng.type+ACI-	0
+ACI-ancurl.polypkem+ACI-	0
+ACI-ancurl.fools+ACI-	0
+ACI-ancurl.bin.cgiadman+ACI-	0
+ACI-ancurl.marketplace+ACI-	0
+ACI-ancurl.wco.com+ACI-	0
+ACI-ancurl.links.html+ACI-	0
+ACI-ancurl.tkaine.bars+ACI-	0
+ACI-ancurl.icgnet.com+ACI-	0
+ACI-ancurl.www.autotown.com+ACI-	0
+ACI-ancurl.adcount.plx+ACI-	0
+ACI-ancurl.1.familyid+ACI-	0
+ACI-ancurl.yahoo.com+ACI-	0
+ACI-ancurl.page+ACI-	0
+ACI-ancurl.theinternetadvantage.com+ACI-	0
+ACI-ancurl.runofsite+ACI-	0
+ACI-ancurl.romancebooks+ACI-	0
+ACI-ancurl.francois+ACI-	0
+ACI-ancurl.links+ACI-	0
+ACI-ancurl.athens.forum+ACI-	0
+ACI-ancurl.site.sw+ACI-	0
+ACI-ancurl.autotown.com+ACI-	0
+ACI-ancurl.amazon.com+ACI-	0
+ACI-ancurl.site.ne+ACI-	0
+ACI-ancurl.qual+ACI-	0
+ACI-ancurl.members+ACI-	0
+ACI-ancurl.pratchett+ACI-	0
+ACI-ancurl.afn47757+ACI-	0
+ACI-ancurl.esi+ACI-	0
+ACI-ancurl.1154.linkpg+ACI-	0
+ACI-ancurl.desc+ACI-	0
+ACI-ancurl.forum.8078+ACI-	0
+ACI-ancurl.topic+ACI-	0
+ACI-ancurl.bin.acc+ACI-	0
+ACI-ancurl.valley+ACI-	0
+ACI-ancurl.delv+ACI-	0
+ACI-ancurl.family+ACI-	0
+ACI-ancurl.lspace.org+ACI-	0
+ACI-ancurl.www.pacificrim.net+ACI-	0
+ACI-ancurl.about+ACI-	0
+ACI-ancurl.webring.ring+ACI-	0
+ACI-ancurl.www.likesbooks.com+ACI-	0
+ACI-ancurl.bossintl.com+ACI-	0
+ACI-ancurl.runid+ACI-	0
+ACI-ancurl.wednet.com+ACI-	0
+ACI-ancurl.news.com+ACI-	0
+ACI-ancurl.lycos.co.uk+ACI-	0
+ACI-ancurl.arvann.images+ACI-	0
+ACI-ancurl.526.redirect+ACI-	0
+ACI-ancurl.ads.msn+ACI-	0
+ACI-ancurl.netscape.com+ACI-	0
+ACI-ancurl.athens.8774+ACI-	0
+ACI-ancurl.click.profileid+ACI-	0
+ACI-ancurl.qual.mc+ACI-	0
+ACI-ancurl.homestead.ans+ACI-	0
+ACI-ancurl.paul.spu.edu+ACI-	0
+ACI-ancurl.dll+ACI-	0
+ACI-ancurl.readersndex+ACI-	0
+ACI-ancurl.dir+ACI-	0
+ACI-ancurl.rank+ACI-	0
+ACI-ancurl.2meta.com+ACI-	0
+ACI-ancurl.Lpage.com+ACI-	0
+ACI-ancurl.emailme+ACI-	0
+ACI-ancurl.event.ng+ACI-	0
+ACI-ancurl.3a.2fcrawler+ACI-	0
+ACI-ancurl.cgiadman.dll+ACI-	0
+ACI-ancurl.aol.com+ACI-	0
+ACI-ancurl.lg.gif+ACI-	0
+ACI-ancurl.magic+ACI-	0
+ACI-ancurl.bin.ad+ACI-	0
+ACI-ancurl.www.worlddrug.com+ACI-	0
+ACI-ancurl.ring.midnight+ACI-	0
+ACI-ancurl.download+ACI-	0
+ACI-ancurl.homepage+ACI-	0
+ACI-ancurl.midnight.id+ACI-	0
+ACI-ancurl.ad.doubleclick.net+ACI-	0
+ACI-ancurl.exec+ACI-	0
+ACI-ancurl.mem.1+ACI-	0
+ACI-ancurl.msn.com+ACI-	0
+ACI-ancurl.preferences+ACI-	0
+ACI-ancurl.contact+ACI-	0
+ACI-ancurl.bars+ACI-	0
+ACI-ancurl.products+ACI-	0
+ACI-ancurl.www.geocities.com+ACI-	0
+ACI-ancurl.www.carousel.org+ACI-	0
+ACI-ancurl.spu.edu+ACI-	0
+ACI-ancurl.cnm+ACI-	0
+ACI-ancurl.webring.home+ACI-	0
+ACI-ancurl.link.pics+ACI-	0
+ACI-ancurl.psu.edu+ACI-	0
+ACI-ancurl.ads.redirect+ACI-	0
+ACI-ancurl.cfm+ACI-	0
+ACI-ancurl.www.grouper.com+ACI-	0
+ACI-ancurl.member+ACI-	0
+ACI-ancurl.index+ACI-	0
+ACI-ancurl.cat+ACI-	0
+ACI-ancurl.www.dreamn.com+ACI-	0
+ACI-ancurl.afn47757.clawring+ACI-	0
+ACI-ancurl.switchboard.com+ACI-	0
+ACI-ancurl.ad.preferences+ACI-	0
+ACI-ancurl.inwap+ACI-	0
+ACI-ancurl.adcount+ACI-	0
+ACI-ancurl.martnet.com+ACI-	0
+ACI-ancurl.thejeep.com+ACI-	0
+ACI-ancurl.search+ACI-	0
+ACI-ancurl.shtml+ACI-	0
+ACI-ancurl.www.yahoo+ACI-	0
+ACI-ancurl.desc.4+ACI-	0
+ACI-ancurl.cats+ACI-	0
+ACI-ancurl.pitcairn+ACI-	0
+ACI-ancurl.www.access.ch+ACI-	0
+ACI-ancurl.runofsite.any+ACI-	0
+ACI-ancurl.dejay+ACI-	0
+ACI-ancurl.gallery+ACI-	0
+ACI-ancurl.bishop+ACI-	0
+ACI-ancurl.features.forums+ACI-	0
+ACI-ancurl.area+ACI-	0
+ACI-ancurl.www.mcs.csuhayward.edu+ACI-	0
+ACI-ancurl.bin+ACI-	0
+ACI-ancurl.bds+ACI-	0
+ACI-ancurl.www.wco.com+ACI-	0
+ACI-ancurl.www.toyotaofroswell.com+ACI-	0
+ACI-ancurl.www.copymat.com+ACI-	0
+ACI-ancurl.go2net.com+ACI-	0
+ACI-ancurl.delv.dir+ACI-	0
+ACI-ancurl.slake.com+ACI-	0
+ACI-ancurl.www.readersndex+ACI-	0
+ACI-ancurl.www.theinternetadvantage.com+ACI-	0
+ACI-ancurl.edition.cnet+ACI-	0
+ACI-ancurl.tkaine+ACI-	0
+ACI-ancurl.catring+ACI-	0
+ACI-ancurl.asp+ACI-	0
+ACI-ancurl.art+ACI-	0
+ACI-ancurl.relocate+ACI-	0
+ACI-ancurl.468x60.runofsite+ACI-	0
+ACI-ancurl.valley.2647+ACI-	0
+ACI-ancurl.any+ACI-	0
+ACI-ancurl.ans+ACI-	0
+ACI-ancurl.corridor+ACI-	0
+ACI-ancurl.amp+ACI-	0
+ACI-ancurl.top+ACI-	0
+ACI-ancurl.pacificrim.net+ACI-	0
+ACI-ancurl.image+ACI-	0
+ACI-ancurl.heartland.valley+ACI-	0
+ACI-ancurl.tii+ACI-	0
+ACI-ancurl.123greetings.com+ACI-	0
+ACI-ancurl.ads+ACI-	0
+ACI-ancurl.www.yahoo.com+ACI-	0
+ACI-ancurl.cuteftp+ACI-	0
+ACI-ancurl.acc+ACI-	0
+ACI-ancurl.bin.search+ACI-	0
+ACI-ancurl.www.shareware.com+ACI-	0
+ACI-ancurl.dir.qual+ACI-	0
+ACI-ancurl.globec.com.au+ACI-	0
+ACI-ancurl.www.news.observer.com+ACI-	0
+ACI-ancurl.index.htm+ACI-	0
+ACI-ancurl.xmission.com+ACI-	0
+ACI-ancurl.ukie.s+ACI-	0
+ACI-ancurl.629.redirect+ACI-	0
+ACI-ancurl.pointe+ACI-	0
+ACI-ancurl.www.ems.psu.edu+ACI-	0
+ACI-ancurl.http.ads+ACI-	0
+ACI-ancurl.members.aol.com+ACI-	0
+ACI-ancurl.www.xmission.com+ACI-	0
+ACI-ancurl.yahoo.co.uk+ACI-	0
+ACI-ancurl.ring.kat001+ACI-	0
+ACI-ancurl.msn.com.1+ACI-	0
+ACI-ancurl.groupid+ACI-	0
+ACI-ancurl.geoguide.geoguide+ACI-	0
+ACI-ancurl.sanjosesabercats.com+ACI-	0
+ACI-ancurl.excite+ACI-	0
+ACI-ancurl.april.fools+ACI-	0
+ACI-ancurl.slagen+ACI-	0
+ACI-ancurl.link+ACI-	0
+ACI-ancurl.tour.member+ACI-	0
+ACI-ancurl.uk+ACI-	0
+ACI-ancurl.people+ACI-	0
+ACI-ancurl.sw+ACI-	0
+ACI-ancurl.sv+ACI-	0
+ACI-ancurl.st+ACI-	0
+ACI-ancurl.sj+ACI-	0
+ACI-ancurl.pl+ACI-	0
+ACI-ancurl.pk+ACI-	0
+ACI-ancurl.www.bossintl.com+ACI-	0
+ACI-ancurl.ng+ACI-	0
+ACI-ancurl.ne+ACI-	0
+ACI-ancurl.mc+ACI-	0
+ACI-ancurl.lg+ACI-	0
+ACI-ancurl.spacedesc+ACI-	0
+ACI-ancurl.it+ACI-	0
+ACI-ancurl.ie+ACI-	0
+ACI-ancurl.id+ACI-	0
+ACI-ancurl.go+ACI-	0
+ACI-ancurl.gg+ACI-	0
+ACI-ancurl.homestead+ACI-	0
+ACI-ancurl.bin.nph+ACI-	0
+ACI-ancurl.peace+ACI-	0
+ACI-ancurl.t.s+ACI-	0
+ACI-ancurl.de+ACI-	0
+ACI-ancurl.dreamn.com+ACI-	0
+ACI-ancurl.plx.http+ACI-	0
+ACI-ancurl.ad+ACI-	0
+ACI-ancurl.rnd+ACI-	0
+ACI-ancurl.kandinsky.p+ACI-	0
+ACI-ancurl.linkpg+ACI-	0
+ACI-ancurl.webring+ACI-	0
+ACI-ancurl.ref+ACI-	0
+ACI-ancurl.www.2meta.com+ACI-	0
+ACI-ancurl.ran+ACI-	0
+ACI-ancurl.www.Lpage.com+ACI-	0
+ACI-ancurl.2fwww+ACI-	0
+ACI-ancurl.ring.claw+ACI-	0
+ACI-ancurl.midnight+ACI-	0
+ACI-ancurl.hotwired.com+ACI-	0
+ACI-ancurl.how.htm+ACI-	0
+ACI-ancurl.tm.fr+ACI-	0
+ACI-ancurl.ora.com+ACI-	0
+ACI-ancurl.toyotaofroswell.com+ACI-	0
+ACI-ancurl.heartland+ACI-	0
+ACI-ancurl.s.b+ACI-	0
+ACI-ancurl.mcet.edu+ACI-	0
+ACI-ancurl.clickthru+ACI-	0
+ACI-ancurl.enchantedforest+ACI-	0
+ACI-ancurl.clawring+ACI-	0
+ACI-ancurl.news.observer.com+ACI-	0
+ACI-ancurl.plains+ACI-	0
+ACI-ancurl.entry+ACI-	0
+ACI-ancurl.acc.clickthru+ACI-	0
+ACI-ancurl.3a+ACI-	0
+ACI-ancurl.2f+ACI-	0
+ACI-ancurl.dll.type+ACI-	0
+ACI-ancurl.soho+ACI-	0
+ACI-ancurl.features+ACI-	0
+ACI-ancurl.adclick.id+ACI-	0
+ACI-ancurl.preferences.com+ACI-	0
+ACI-ancurl.claw.id+ACI-	0
+ACI-ancurl.url.http+ACI-	0
+ACI-ancurl.microsoft.com+ACI-	0
+ACI-ancurl.excite.com+ACI-	0
+ACI-ancurl.gort.ucsd.edu+ACI-	0
+ACI-ancurl.com.home+ACI-	0
+ACI-ancurl.2fcgi+ACI-	0
+ACI-ancurl.pub+ACI-	0
+ACI-ancurl.bin.adcount+ACI-	0
+ACI-ancurl.mc.3a+ACI-	0
+ACI-ancurl.phoenix.mcet.edu+ACI-	0
+ACI-ancurl.plx+ACI-	0
+ACI-ancurl.inwap.com+ACI-	0
+ACI-ancurl.www.cob.sjsu.edu+ACI-	0
+ACI-ancurl.www.thejeep.com+ACI-	0
+ACI-ancurl.tour+ACI-	0
+ACI-ancurl.www.sanjosesabercats.com+ACI-	0
+ACI-ancurl.mei.co.jp+ACI-	0
+ACI-ancurl.geoguide.sendform+ACI-	0
+ACI-ancurl.services+ACI-	0
+ACI-ancurl.type.click+ACI-	0
+ACI-ancurl.tagvalues+ACI-	0
+ACI-ancurl.profileid+ACI-	0
+ACI-ancurl.zueri.ch+ACI-	0
+ACI-ancurl.arvann+ACI-	0
+ACI-ancurl.tagvalues.13+ACI-	0
+ACI-alt.your+ACI-	0
+ACI-alt.and+ACI-	0
+ACI-alt.top+ACI-	0
+ACI-alt.all+ACI-	0
+ACI-alt.email+ACI-	0
+ACI-alt.out+ACI-	0
+ACI-alt.our+ACI-	0
+ACI-alt.here+ACI-	0
+ACI-alt.the+ACI-	0
+ACI-alt.download+ACI-	0
+ACI-alt.netscape+ACI-	0
+ACI-alt.what+ACI-	0
+ACI-alt.explorer+ACI-	0
+ACI-alt.more+ACI-	0
+ACI-alt.for.a+ACI-	0
+ACI-alt.take.a+ACI-	0
+ACI-alt.kitty+ACI-	0
+ACI-alt.link+ACI-	0
+ACI-alt.wacky+ACI-	0
+ACI-alt.like+ACI-	0
+ACI-alt.heartland+ACI-	0
+ACI-alt.visit.the+ACI-	0
+ACI-alt.romance+ACI-	0
+ACI-alt.online+ACI-	0
+ACI-alt.products+ACI-	0
+ACI-alt.now+ACI-	0
+ACI-alt.click.here+ACI-	0
+ACI-alt.pages.like+ACI-	0
+ACI-alt.rank+ACI-	0
+ACI-alt.information+ACI-	0
+ACI-alt.us+ACI-	0
+ACI-alt.send.this+ACI-	0
+ACI-alt.up+ACI-	0
+ACI-alt.to+ACI-	0
+ACI-alt.chat+ACI-	0
+ACI-alt.new+ACI-	0
+ACI-alt.net+ACI-	0
+ACI-alt.my.site+ACI-	0
+ACI-alt.search+ACI-	0
+ACI-alt.this+ACI-	0
+ACI-alt.on+ACI-	0
+ACI-alt.of+ACI-	0
+ACI-alt.links+ACI-	0
+ACI-alt.bytes+ACI-	0
+ACI-alt.my+ACI-	0
+ACI-alt.me+ACI-	0
+ACI-alt.picture+ACI-	0
+ACI-alt.club+ACI-	0
+ACI-alt.pages+ACI-	0
+ACI-alt.this.page+ACI-	0
+ACI-alt.in+ACI-	0
+ACI-alt.on.the+ACI-	0
+ACI-alt.guestbook+ACI-	0
+ACI-alt.by+ACI-	0
+ACI-alt.at+ACI-	0
+ACI-alt.ad+ACI-	0
+ACI-alt.mine+ACI-	0
+ACI-alt.amazon.com+ACI-	0
+ACI-alt.web+ACI-	0
+ACI-alt.next+ACI-	0
+ACI-alt.news+ACI-	0
+ACI-alt.info+ACI-	0
+ACI-alt.join+ACI-	0
+ACI-alt.of.the+ACI-	0
+ACI-alt.book+ACI-	0
+ACI-alt.amazon+ACI-	0
+ACI-alt.forums+ACI-	0
+ACI-alt.back+ACI-	0
+ACI-alt.next.site+ACI-	0
+ACI-alt.a.tour+ACI-	0
+ACI-alt.com+ACI-	0
+ACI-alt.microsoft+ACI-	0
+ACI-alt.geocities+ACI-	0
+ACI-alt.ring+ACI-	0
+ACI-alt.cat+ACI-	0
+ACI-alt.send+ACI-	0
+ACI-alt.internet.explorer+ACI-	0
+ACI-alt.home.page+ACI-	0
+ACI-alt.internet+ACI-	0
+ACI-alt.find+ACI-	0
+ACI-alt.cool+ACI-	0
+ACI-alt.my.guestbook+ACI-	0
+ACI-alt.here.for+ACI-	0
+ACI-alt.with+ACI-	0
+ACI-alt.get+ACI-	0
+ACI-alt.take+ACI-	0
+ACI-alt.tour+ACI-	0
+ACI-alt.site+ACI-	0
+ACI-alt.to.visit+ACI-	0
+ACI-alt.rank.my+ACI-	0
+ACI-alt.from+ACI-	0
+ACI-alt.page+ACI-	0
+ACI-alt.graphic+ACI-	0
+ACI-alt.like.mine+ACI-	0
+ACI-alt.email.me+ACI-	0
+ACI-alt.visit+ACI-	0
+ACI-alt.free+ACI-	0
+ACI-alt.the.kat+ACI-	0
+ACI-alt.award+ACI-	0
+ACI-alt.services+ACI-	0
+ACI-alt.about+ACI-	0
+ACI-alt.here.to+ACI-	0
+ACI-alt.network+ACI-	0
+ACI-alt.you+ACI-	0
+ACI-alt.logo+ACI-	0
+ACI-alt.home+ACI-	0
+ACI-alt.kat+ACI-	0
+ACI-caption.and+ACI-	0
+ACI-caption.home.page+ACI-	0
+ACI-caption.click.here+ACI-	0
+ACI-caption.the+ACI-	0
+ACI-caption.pratchett+ACI-	0
+ACI-caption.here.for+ACI-	0
+ACI-caption.site+ACI-	0
+ACI-caption.page+ACI-	0
+ACI-caption.to+ACI-	0
+ACI-caption.of+ACI-	0
+ACI-caption.home+ACI-	0
+ACI-caption.my+ACI-	0
+ACI-caption.your+ACI-	0
+ACI-caption.in+ACI-	0
+ACI-caption.bytes+ACI-	0
+ACI-caption.here+ACI-	0
+ACI-caption.click+ACI-	0
+ACI-caption.for+ACI-	0
+ACI-caption.you+ACI-	0
+ACI-(Intercept)+ACI-	+AC0-3.15528043
